{"cameraMode":{"drawMode":0,"name":"Shaded","section":"Shading Mode"},"sceneLighting":true,"audioPlay":false,"sceneViewState":{"showFog":true,"showMaterialUpdate":false,"showSkybox":false,"showFlares":true,"showImageEffects":true,"showParticleSystems":true},"in2DMode":false,"pivot":{"x":-0.4636290669441223,"y":0.6433713436126709,"z":-0.7715091705322266},"rotation":{"x":0.0008920318214222789,"y":-0.11077321320772171,"z":0.00009936901915352792,"w":0.9938497543334961},"size":1.277097225189209,"orthographic":false}