{"cameraMode":{"drawMode":0,"name":"Shaded","section":"Shading Mode"},"sceneLighting":true,"audioPlay":false,"sceneViewState":{"showFog":true,"showMaterialUpdate":false,"showSkybox":false,"showFlares":true,"showImageEffects":true,"showParticleSystems":true},"in2DMode":false,"pivot":{"x":15.180000305175782,"y":1.0,"z":-10.489999771118164},"rotation":{"x":0.24283334612846375,"y":0.02909662015736103,"z":-0.007287505082786083,"w":0.9696059226989746},"size":1.2928228378295899,"orthographic":false}