{"cameraMode":{"drawMode":0,"name":"Shaded","section":"Shading Mode"},"sceneLighting":true,"audioPlay":false,"sceneViewState":{"showFog":true,"showMaterialUpdate":false,"showSkybox":false,"showFlares":true,"showImageEffects":true,"showParticleSystems":true},"in2DMode":false,"pivot":{"x":-0.16681209206581117,"y":0.5581625699996948,"z":0.23757648468017579},"rotation":{"x":0.1488429605960846,"y":-2.4875208737284995e-7,"z":-3.2222948220805849e-7,"w":0.988862931728363},"size":1.5770971775054932,"orthographic":false}