{"cameraMode":{"drawMode":0,"name":"Shaded","section":"Shading Mode"},"sceneLighting":true,"audioPlay":false,"sceneViewState":{"showFog":true,"showMaterialUpdate":false,"showSkybox":false,"showFlares":true,"showImageEffects":true,"showParticleSystems":true},"in2DMode":false,"pivot":{"x":16.09455108642578,"y":2.862833023071289,"z":-10.476393699645996},"rotation":{"x":0.4532005190849304,"y":0.012033410370349884,"z":-0.006118618417531252,"w":0.8913074135780335},"size":5.7533369064331059,"orthographic":false}