{"cameraMode":{"drawMode":0,"name":"Shaded","section":"Shading Mode"},"sceneLighting":true,"audioPlay":false,"sceneViewState":{"showFog":true,"showMaterialUpdate":false,"showSkybox":false,"showFlares":true,"showImageEffects":true,"showParticleSystems":true},"in2DMode":false,"pivot":{"x":-0.15363062918186189,"y":1.0840191841125489,"z":-0.08416197448968888},"rotation":{"x":0.4532005190849304,"y":0.012033410370349884,"z":-0.006118618417531252,"w":0.8913074135780335},"size":2.3614816665649416,"orthographic":false}