{"cameraMode":{"drawMode":0,"name":"Shaded","section":"Shading Mode"},"sceneLighting":true,"audioPlay":false,"sceneViewState":{"showFog":true,"showMaterialUpdate":false,"showSkybox":false,"showFlares":true,"showImageEffects":true,"showParticleSystems":true},"in2DMode":false,"pivot":{"x":0.7614578008651733,"y":5.536709308624268,"z":-3.371476173400879},"rotation":{"x":0.31550514698028567,"y":-0.11350654065608978,"z":0.03804340213537216,"w":0.9413428902626038},"size":0.30097633600234988,"orthographic":false}