{"cameraMode":{"drawMode":0,"name":"Shaded","section":"Shading Mode"},"sceneLighting":true,"audioPlay":false,"sceneViewState":{"showFog":true,"showMaterialUpdate":false,"showSkybox":false,"showFlares":true,"showImageEffects":true,"showParticleSystems":true},"in2DMode":false,"pivot":{"x":8.422410011291504,"y":5.4040069580078129,"z":-8.754318237304688},"rotation":{"x":0.7028323411941528,"y":0.00533496867865324,"z":-0.005271340254694223,"w":0.7113171219825745},"size":14.993341445922852,"orthographic":false}