{"cameraMode":{"drawMode":0,"name":"Shaded","section":"Shading Mode"},"sceneLighting":true,"audioPlay":false,"sceneViewState":{"showFog":true,"showMaterialUpdate":false,"showSkybox":false,"showFlares":true,"showImageEffects":true,"showParticleSystems":true},"in2DMode":false,"pivot":{"x":1.9589999914169312,"y":1.2029999494552613,"z":-1.0},"rotation":{"x":-0.07822974026203156,"y":-0.0068825059570372108,"z":0.0005299870972521603,"w":-0.9969227910041809},"size":1.7189178466796876,"orthographic":false}