{"cameraMode":{"drawMode":0,"name":"Shaded","section":"Shading Mode"},"sceneLighting":true,"audioPlay":false,"sceneViewState":{"showFog":true,"showMaterialUpdate":false,"showSkybox":false,"showFlares":true,"showImageEffects":true,"showParticleSystems":true},"in2DMode":false,"pivot":{"x":-0.17017149925231934,"y":1.0771005153656006,"z":-0.5001399517059326},"rotation":{"x":0.045989908277988437,"y":0.8701357841491699,"z":-0.0827460065484047,"w":0.4836401641368866},"size":0.6928232908248901,"orthographic":false}