{"cameraMode":{"drawMode":0,"name":"Shaded","section":"Shading Mode"},"sceneLighting":true,"audioPlay":false,"sceneViewState":{"showFog":true,"showMaterialUpdate":false,"showSkybox":false,"showFlares":true,"showImageEffects":true,"showParticleSystems":true},"in2DMode":false,"pivot":{"x":5.88942813873291,"y":-0.4250373840332031,"z":-10.365317344665528},"rotation":{"x":0.42779210209846499,"y":-0.30123475193977358,"z":0.15373679995536805,"w":0.8382235169410706},"size":11.361307144165039,"orthographic":false}