{"cameraMode":{"drawMode":0,"name":"Shaded","section":"Shading Mode"},"sceneLighting":true,"audioPlay":false,"sceneViewState":{"showFog":true,"showMaterialUpdate":false,"showSkybox":false,"showFlares":true,"showImageEffects":true,"showParticleSystems":true},"in2DMode":false,"pivot":{"x":-1.7167606353759766,"y":0.17756621539592744,"z":-7.883779048919678},"rotation":{"x":0.008756277151405812,"y":-0.9875965118408203,"z":0.05963364243507385,"w":0.1450125128030777},"size":4.7011494636535648,"orthographic":false}