{"cameraMode":{"drawMode":0,"name":"Shaded","section":"Shading Mode"},"sceneLighting":true,"audioPlay":false,"sceneViewState":{"showFog":true,"showMaterialUpdate":false,"showSkybox":false,"showFlares":true,"showImageEffects":true,"showParticleSystems":true},"in2DMode":false,"pivot":{"x":0.5209811925888062,"y":-0.30101728439331057,"z":0.20412158966064454},"rotation":{"x":0.38628870248794558,"y":0.09163396060466767,"z":0.03860064595937729,"w":-0.9170042276382446},"size":3.324744939804077,"orthographic":false}