{"cameraMode":{"drawMode":0,"name":"Shaded","section":"Shading Mode"},"sceneLighting":true,"audioPlay":false,"sceneViewState":{"showFog":true,"showMaterialUpdate":false,"showSkybox":false,"showFlares":true,"showImageEffects":true,"showParticleSystems":true},"in2DMode":false,"pivot":{"x":-0.6733698844909668,"y":0.5310378670692444,"z":-1.5814249515533448},"rotation":{"x":-0.10189532488584519,"y":0.46843665838241579,"z":-0.05449216812849045,"w":-0.87591153383255},"size":0.6444448232650757,"orthographic":false}