{"cameraMode":{"drawMode":0,"name":"Shaded","section":"Shading Mode"},"sceneLighting":true,"audioPlay":false,"sceneViewState":{"showFog":true,"showMaterialUpdate":false,"showSkybox":false,"showFlares":true,"showImageEffects":true,"showParticleSystems":true},"in2DMode":false,"pivot":{"x":-1.4417554140090943,"y":0.9147304892539978,"z":-5.124011516571045},"rotation":{"x":-0.002510714577510953,"y":0.9174225330352783,"z":-0.005788350012153387,"w":-0.39786699414253237},"size":1.2672629356384278,"orthographic":false}